app_name,package_id
U.S. Army Medicine Careers,com.armygamestudio.usarec.medicalrecruiting
VET Tv,com.vettv
Beyond MST,gov.va.mobilehealth.ncptsd.beyondmst
Arkansas National Guard,com.m360mobile.arkansas
Veterans Connection,com.vconn.veteransconnection
PFA Mobile,org.nctsn.pfa.mobile
Corps PT Calculator CFT &,com.vandersw.marinepft
USSF/USAF PFA Calculator,com.patricksmith.USAF_PT_Calculator
FMS Calculator,com.tracen.fmscalculator
Army Leader Smart Cards,com.polemics.armyleadersmartcard
Air Force PT Test Calc - 2023,joy.axte.pfacalc
AFN Now,com.dma.afnnow
Official Navy PFA,mil.navy.pfa
MyVetBENEFITS,com.myvetbenefits.app
Veterans of Foreign Wars,com.ajisoftware.vfw.stage
Ace PDG - Air Force,com.acepdgapp
Air Force Culture Guide,com.bah.afclc
American Military News,com.americanmilitarynews.amn1
NavyMWR Great Lakes,com.ravensolutions.greatlakes
Army Leader's Book,com.armynoncomtools.leadersbook
Virginia Air National Guard,com.u360mobile.fighter192
NYS Veterans,gov.ny.its.Veterans
Promotion Ready - Air Force,com.momentumapps.promotionreadyairforce
NavyMWR NDW,com.ravensolutions.ndw
JBLE,mil.army.jble
U.S. Air Force Airman's Manual,com.companyname.afman
US Navy Ratings &,mil.navy.ratingstraining
My Military OneSource,mil.dod.mcfp.mymilitaryonesource
ASVAB Tutoring,com.asvab.tutoring
HAMR PT Test,com.MayDay.hamrpttest
PDG Promote,com.forcereadiness.pdgpromote
VA New England,com.quickseries.visn1
US military ranks,ru.asmkeri.ranksusa
US Military Rank &,mil.navy.rankandreference
Together We Served ROH,com.togetherweserved.roh
Nevada National Guard Connect,com.m360connect.nvng
Minnesota National Guard,com.m360mobile.minnesotanationalguard
Military Training Exercises,com.watervideosoftware.militarytraining
Land Nav Assistant,com.gammonapps.android.straightlinenavigator
Armed Forces Bank,com.dfckc.afb
ACT Coach,is.vertical.actcoach
Tactical NAV,com.tacnav.android
Association of the US Army,com.goeshow.AUSA
Military Pay by Military.com,com.military.militarypay
MWEJobs,com.geosolinc.marylandwe
Military Ringtones,com.kt.militaryringtones
GuideOn Military,com.followmeonedot.followmelocator
ASVAB PREP - 2025,com.asvab.prep
Indiana National Guard,com.m360mobile.indianang
Navy COOL,com.tracen.navycool
AFI,com.afi.app
AFV Recognition,com.watchandshoot.afvrecognition
MyNavy,uk.mod.mynavy.app
ASVAB® Practice Test 2025,asvab.exam
U.S. Army Chaplain Careers,com.armygamestudio.usarec.chaplain
NC National Guard,com.t93e9f32b6ae.www
US Military Pay Calc Plus,com.crashtestdummylimited.militarypaycalculator
SAFEREP,net.afsas.asap
Military Bible Challenge,net.militarybiblechallenge.app
ASVAB Practice Test 2023,com.quantresearch.exam.asvab
AIMS for Anger Management,gov.va.mobilehealth.ncptsd.aims
eMarinersApp - Marine Uniform,com.emarinersapp
USAF Connect,com.m360connect.usaf
Veterans Yoga Project,veterans.yoga.project
MBR - Military Broadcast Radio,com.kevtucker.mbr
USCG Work-Life,com.uscg
Casualty Assistance Officer,com.armymobile.cao
ACFT App,com.militarygradeapps.acft_grader_companion
Military Dictionary,com.sultonuzdev.militarydic
ASVAB Test Prep | Study.com,com.study.app.ASVAB
Iowa National Guard,com.m360mobile.iowa
Navy Region Southeast,com.quickseries.rca.navy.installations.southeast
West Point AOG Gift Shop,com.celerant.ios.westpointtest
Navy Federal Credit Union,com.navyfederal.android
The Officer Down Memorial Page,org.odmp
MGRS UTM GPS,info.yogantara.yytestgps
ASVAB Marines Mastery,com.hltcorp.marines
Military Dating App - AGA,com.agadating.military
US Forces awards,ru.asmkery.awardsusa
USMC Squad Bay,com.usmc.squadbay
U.S Military Power &,com.danlestudio.armyequipment
PTSD Coach,is.vertical.ptsdcoach
Ranger School Professional,com.uppertierdevelopment.rangerpro
ASVAB Practice for Dummies,com.gwhizmobile.dummiesasvab
U.S. Army ASVAB Challenge,com.armygamestudio.usarec.asvab
AFH 1 Suite: 25E5,air.com.mcmguides.A25E5.afh1
ASVAB Practice Test 2025,com.sima.asvab
Army Dictionary,com.lifenet.army
IPPS-A Launch Platform,mil.army.ippsa.ipps_a
Ohio National Guard,com.m360mobile.ohiong
VA Health Chat,com.cirrusmd.vahealthchat
NY National Guard,bfac.android.nynationalguard
Support A Troop,com.iSupportDeployedTroops.iSupportCarePackageBuilder
U.S. Army Career Navigator,com.americasarmy.app.careernavigator
Navy Tools,mil.navy.navytools
Military Benefit Association,org.militarybenefit.app
Illinois National Guard,com.m360mobile.illinoisng
USAF Delayed Entry Program,com.afrs.delayedentryprogram
RIO Connect IMA Mobile Wingman,com.u360mobile.hqrio
AFH 1 Suite: 25E6,air.com.mcmguides.A25E6.afh1
NVLSP VA Benefit Identifier,com.nvlspmobile
ASVAB Navy Mastery,com.hltcorp.navy
Digital Garrison,com.aafes.digitalgarrison
USAG Stuttgart,com.app.p5964HJ
Hunt Resident App,com.yardi.systems.rentcafe.resident.hunt
Best Marine : Online Shopping,co.shopney.bestmarine
ASVAB Practice Test Prep 2025,pp.asvab
Alaska National Guard,bfac.android.alaskanationalguard
Washington Military Department,com.m360mobile.wamd
OASC Academic Skills Training,com.petersons.oasc
VA: Health and Benefits,gov.va.mobileapp
US Navy Jobs ASVAB Calculator,com.iserveusa.asvab_navy_rates
MCM Organization,me.rtrt.app.mcma
MilProvider,mil.dod.mcfp.milprovider
Team RWB,com.teamrwb
Air Force Be Ready,air.com.ara.brapp
MCL,org.mcl
Battle Buddies,com.battlebuddies
Navy App Locker,mil.navy.navyapplocker
Med Standards,com.colbycoapps.med_standards
Military Retirement,com.LynnfieldLLC.MilitaryRetire
Army Athletics,com.yinzcam.ncaa.usma
Kinderspot,io.oddball.kspot
VA Rx Refill,com.rxr.production
Mindfulness Coach,gov.va.mobilehealth.ncptsd.mindfulnesscoach
Caring4Women Veterans,gov.va.mobilehealth.cfwva
Family Medical - CHAMPVA,gov.va.mobilehealth.champvalauncher
GI Jobs,com.gijobs.publication
Bluejacketeer,com.bluejacketeer.mobile
ACFT,org.acftcalculator.acft
Sen$e,com.powertrain.sense
Military News by Military.com,com.military.news
Oregon National Guard,com.m360mobile.oregonng
MyNavy UNIFORMS,mil.navy.opnav
Navy RTC Mobile App,com.quickseries.rca.rtc
PDG PROmote 2025+,com.forcereadiness.pdg
Mgrs &,com.zahidcataltas.mgrsharita
Military Transition University,com.pwl69xedors.pay2f51g5app
VetChange,gov.va.mobilehealth.ncptsd.vetchange
Pain Coach,gov.va.mobilehealth.ncptsd.paincoach
USMC Reserve Connect,com.m360connect.usmc
Marine Corps Ringtones,com.coolapps.marinecorpsringtones
The ACFT App,com.acftapp.acftlite
AFOQT Tutoring,com.cintaxedge.afoqttutoring.app
ASVAB Mastery: ASVAB Test,com.hltcorp.asvab
U.S Military Rank Insig &,com.projectnextworld.statustube
VetsApp: The App for Veterans,com.app.vetzfojt
VA Disability Calculator,com.companyname.VADisabilityCalculator
Naval Library Navy Army ASVAB,com.navallibrary.navallibrary
PTSD Family Coach,gov.va.mobilehealth.ncptsd.ptsdfamilycoach
MBA Veterans,com.mysalesforce.mycommunity.C00DF0000000BnfNMAS.A0OT3i000000TN1LGAW
Air Force Falcons,com.cbs.sportsapp.android.afa
Safety Plan,gov.va.mobilehealth.ncptsd.safetyplan
PI Family Day,com.app.p2805FG
LeaveWeb Mobile,com.leaveweb.app
USAA Mobile,com.usaa.mobile.android.usaa
PMK-EE,mil.navy.pmkee
Army Cadet College (ACC) App,com.edurev.armycadetcollege
PTSD Keys,com.stressisgone.android.ptsdfree
Military Ringtones,com.yesringtonesapps.militaryringtonesfree
CPT Coach,gov.va.mentalhealth.ncptsd.cptcoach3
Michigan National Guard,bfac.android.michigannationalguard
Military GPS Survival Kit,com.ekik.tacticalnavigation
MA National Guard,com.s5219f277ca2.www
AFPAAS,mil.af.afpaas
ASVAB Flashcards,com.bh.superflashcard.asvab.android
Jostens USMA,com.jostens.rd.usma
Deployed Medicine,com.allogy.deployedmedicine
Exposure Ed,gov.va.general.med.ee
Military Ranks,app.kornelis.militaryranks
South Carolina National Guard,bfac.android.southcarolinang
Competent Airman,air.com.mcmguides.A2024.cam
ASVAB GT,com.asvabgt
MilitaryByOwner,com.militarybyowner
Military Ethics,com.corvita.cme
Hero Care - American Red Cross,com.cube.arc.saf
Hots&Cots,com.rob.hotscots
VA Disability Calculator,com.vacalculator2
VA Wayfinding,net.medrics.lasvegasva
Veteran Jobs,com.tdc.veteranjobs
ExpertVoice: Pro Deals,com.experticity.android.member
ASWB Exam Prep LCSW Test 2025,com.bestfungames.aswb
MS National Guard Outreach,bfac.android.msoutreach
Army MobileConnect,com.army.armyauth
Insomnia Coach,gov.va.mobilehealth.ncptsd.insomniacoach
Shellback,com.tracen.doma
Military Sounds,com.akadtech.militarysounds
A-1 VA Ratings,com.ratings.va.llc.app
Sandboxx,com.sandboxx.android
Florida National Guard,com.m360mobile.floridanationalguard
Aim High Air Force,com.airforce.aimhighapp
PROmote - Army Study Guide,com.forcereadiness.armypromote
MyNavy Financial Literacy,mil.navy.blendedretirement
SJT for PFE,air.com.mcmguides.A2024.sjt
U.S. Military Ranks,com.jonis.militaryrank
Vet Tix,org.vettix.vettix
Frontwave Mobile Banking,com.pmcu.pmcu
VA Claims Insider,com.vaclaimsinsiderthnc.app
ASVAB Practice Test 2024 Prep,com.bestfungames.asvab
U.S. Army Reserve,com.tradocmobile.doubleeagle
Military Home Loans,com.simplenexus.loans.client.s__9518
Montana National Guard,com.m360mobile.montanang
iCorps - Pocket Reference,com.icorpsonline.iCorps
ATAK-CIV (Civil Use),com.atakmap.app.civ
VA Video Connect,gov.va.vamf.vavideoconnect
FUNKER530 - Military Videos,com.funker530.funker530app
WeCare Fort Sill,mil.army.wecaresill
MyNavy Family,mil.navy.mynavyfamily
USSF Guardian One,com.bespinaf.guardianOne
TickerIO,com.threetwentyfivedesigns.tickerio
MOVE! Coach,gov.va.mobilehealth.movecoachmobile
MILITARY STAR® Mobile,com.aafes.militarystar
Armed Forces Insurance Mobile,afimobileapp.android
U.S. Army Echoes,mil.Army
SC National Guard FCU,com.scng.scng
AirForces Monthly Magazine,com.triactivemedia.airforcesmonthly
Military Science Master,com.outmaster.militarymaster
CBT-i Coach,gov.va.mobilehealth.ncptsd.cbti
NAVADMIN Viewer,com.ansonliu.navadmin
Promotion Ready - Army,org.momentumapps.promotionreadypaid
Miltech,com.fromage.miltech
AFI Explorer,io.github.drewstephenscoding.afiexplorer
AFN Go,com.afn360
NavyBMR,com.advancementsolutions.navybmr
ASVAB Test Prep 2025,co.spurry.asvab
Share My Health Data,gov.va.smhd
ASVAB Test 2025 prep,asvab.test.prep.us
USACE EM 385-1-1 2024 Manual,com.navfac.usace.safety
MyVeteransUnited,com.veteransunited.my.twa
Defense &,com.briox.riversip.android.tech.defense
Warrior Toughness,mil.navy.warriortoughness
MilitaryCupid: Military Dating,com.cupidmedia.wrapper.militarycupid
Tennessee National Guard,bfac.android.ngtnapp
Whole Health,com.va.wholehealth
Military Times,com.gannett.local.library.news.armytimes
My Army Post,mil.aswf.garrison
Alabama National Guard,bfac.android.aiguard
CorpsGuide,com.corpsguide
Army PRT - U.S. Army APFT Calc,com.vandersw.armypft
Sesame for Military Families,com.sesameworkshop.SSMFresources
Kentucky National Guard,com.m5625d7b48cb.www
STAIR Coach,gov.va.mobilehealth.ncptsd.stair2
